SR No. ,Scheme Name                                                                                                                                                                                                                                                                                                                                                                                                                                                                                                                                                                                                                                                     ,Scheme Address                                                                                                                                                                                                                                                                                                                                                                                                                                                                                                                                                                                                                                                  ,Scheme Type       ,Village   ,CTS No                       ,Developer                                                                                                                               ,Architect                                                                            ,No. of Slum Dwellers ,Land Type
     1 ,33 (11)                                                                                                                                                                                                                                                                                                                                                                                                                                                                                                                                                                                                                                                         ,"CTS No. 128/A/47 (Pt), Plot No. 21, of village Kandivali, Taluka - Borivali, Mahavir nagar, Kandivali (W), Mumbai - 400 067"                                                                                                                                                                                                                                                                                                                                                                                                                                                                                                                                   ,33(11)            ,Kandivali ,"128/A/47 (Pt), Plot No. 21" ,M/s. SANSKRUTI NIRMAN VRUSHI LLP                                                                                                        ,Santosh Zirmute                                                                      ,                  28 ,PRIVATE
     2 ,"SHREE SWAMI SAMARTH CHS (PROP) CTS NO. 838(PT)AT L.T. ROAD,KHUDIRAM BOSE CHOWK, MULUND (E). MUMBAI-400 081."                                                                                                                                                                                                                                                                                                                                                                                                                                                                                                                                                   ,"SHREE SWAMI SAMARTH CHS (PROP) CTS NO. 838(PT)AT L.T. ROAD,KHUDIRAM BOSE CHOWK, MULUND (E). MUMBAI-400 081."                                                                                                                                                                                                                                                                                                                                                                                                                                                                                                                                                   ,33(10) New scheme ,          ,                             ,M/S. SHREEYA DEVELOPERS                                                                                                                 ,SAMER RAUT ASSOCIATES.                                                               ,                     ,PRIVATE
     3 ,"K-ESHAVPADA SLUM MULUND [W]C.T.S. NO.1115 [PT] AND 1480 [PT] OF VILLAGE MULUND AT P. K. ROAD, MULUND [W] Mulund (W)"                                                                                                                                                                                                                                                                                                                                                                                                                                                                                                                                           ,"K-ESHAVPADA SLUM MULUND [W]C.T.S. NO.1115 [PT] AND 1480 [PT] OF VILLAGE MULUND AT P. K. ROAD, MULUND [W] Mulund (W)"                                                                                                                                                                                                                                                                                                                                                                                                                                                                                                                                           ,33(10) New scheme ,          ,                             ,ANNAPPI CONSTRUCTION CO.                                                                                                                ,M/s. Vijay Turbadkar                                                                 ,                     ,MHADA
     4 ,"GAUTAM NAGAR DUMPING ROAD755 [PT] OF VILLAGE MULUND [W] GAUTAM NAGAR, DUMPING ROAD, MULUND [W], MUMBAI - 400 080"                                                                                                                                                                                                                                                                                                                                                                                                                                                                                                                                              ,"GAUTAM NAGAR DUMPING ROAD755 [PT] OF VILLAGE MULUND [W] GAUTAM NAGAR, DUMPING ROAD, MULUND [W], MUMBAI - 400 080"                                                                                                                                                                                                                                                                                                                                                                                                                                                                                                                                              ,33(10) New scheme ,          ,                             ,Forward Construction corp                                                                                                               ,M/s. P.S. Chamankar & Associates                                                     ,                     ,MHADA
     5 ,"DHANLAXMI S.R.A. C.H.S. (PROP) C.T.S. NO. 627, 628, 629 OF VILLAGE MULUND, BAL RAJESH-WAR ROAD, MULUND (W) FOR DHANLAXMI S.R.A. C.H.S. (PROP)"                                                                                                                                                                                                                                                                                                                                                                                                                                                                                                                 ,"DHANLAXMI S.R.A. C.H.S. (PROP) C.T.S. NO. 627, 628, 629 OF VILLAGE MULUND, BAL RAJESH-WAR ROAD, MULUND (W) FOR DHANLAXMI S.R.A. C.H.S. (PROP)"                                                                                                                                                                                                                                                                                                                                                                                                                                                                                                                 ,33(10) New scheme ,          ,                             ,M/s. Guru Construction                                                                                                                  ,D.S. Desai & Associates                                                              ,                     ,PRIVATE
     6 ,"SALVI WADIC.T.S. No. 1099, 1101, 1101/1 TO 14, 1102(0) PT. AT VILLAGE MULUND(E) MIHTAGHAR ROAD, MULUND (E)"                                                                                                                                                                                                                                                                                                                                                                                                                                                                                                                                                    ,"SALVI WADIC.T.S. No. 1099, 1101, 1101/1 TO 14, 1102(0) PT. AT VILLAGE MULUND(E) MIHTAGHAR ROAD, MULUND (E)"                                                                                                                                                                                                                                                                                                                                                                                                                                                                                                                                                    ,33(10) New scheme ,          ,                             ,M/S. SHREE SAINATH BUILDERS & DEVELOPERS.                                                                                               ,M.M. KAPHALE                                                                         ,                     ,PRIVATE
     7 ,"HANUMAN CHS (PROP) CTS NO.1(B). S. N. NO.377 OF VILLAGE MULUND, HANUMAN PADA, NEAR HANUMAN MANDIR, MULUND COLONY, MULUND (W), MUMBAI-400 082"                                                                                                                                                                                                                                                                                                                                                                                                                                                                                                                  ,"HANUMAN CHS (PROP) CTS NO.1(B). S. N. NO.377 OF VILLAGE MULUND, HANUMAN PADA, NEAR HANUMAN MANDIR, MULUND COLONY, MULUND (W), MUMBAI-400 082"                                                                                                                                                                                                                                                                                                                                                                                                                                                                                                                  ,33(10) New scheme ,          ,                             ,HANUMAN CO OP HSG SOC (PROP).                                                                                                           ,M/s. Shah & Associates                                                               ,                     ,STGOVT
     8 ,Dr. Babasaheb Ambedkar Rahiwasi SanghaC.T.S. No. 1320 A/ 32 of Village Mulund New PMGP MHADA Colony Mulund €                                                                                                                                                                                                                                                                                                                                                                                                                                                                                                                                                    ,Dr. Babasaheb Ambedkar Rahiwasi SanghaC.T.S. No. 1320 A/ 32 of Village Mulund New PMGP MHADA Colony Mulund €                                                                                                                                                                                                                                                                                                                                                                                                                                                                                                                                                    ,33(10) New scheme ,          ,                             ,M/s. Perfect Developers                                                                                                                 ,Vini Desai of M/s. Desai & Desai Assoicates                                          ,                     ,STGOVT
     9 ,Shree Morya Samarth CHS CTS. NO.1304B OF VILLAGE MULUND (E) SITUATED AT MITHAGAR ROAD MULUND(E)                                                                                                                                                                                                                                                                                                                                                                                                                                                                                                                                                                 ,Shree Morya Samarth CHS CTS. NO.1304B OF VILLAGE MULUND (E) SITUATED AT MITHAGAR ROAD MULUND(E)                                                                                                                                                                                                                                                                                                                                                                                                                                                                                                                                                                 ,33(10) New scheme ,          ,                             ,SHREE RAM SAMARTH DEVELOPERS.                                                                                                           ,M/s. Manohar M. Kaphale Associates                                                   ,                     ,MCGM
    10 ,"MAHAKALI CHS CT.S. NO.555(PT) OF VILLAGE NAHUR, MULUND(W) MUMBAI-400080"                                                                                                                                                                                                                                                                                                                                                                                                                                                                                                                                                                                       ,"MAHAKALI CHS CT.S. NO.555(PT) OF VILLAGE NAHUR, MULUND(W) MUMBAI-400080"                                                                                                                                                                                                                                                                                                                                                                                                                                                                                                                                                                                       ,33(10) New scheme ,          ,                             ,Shivam Developer                                                                                                                        ,STHAPATHYAKALA NITYANAND V. TOTAREPATIL                                              ,                     ,STGOVT
    11 ,"Shri Ganesh CHS (Prop) C.T.S. NO. 681 OF VILLAGE MULUND, LOKMANYA TILAK ROAD, MULUND(E)"                                                                                                                                                                                                                                                                                                                                                                                                                                                                                                                                                                       ,"Shri Ganesh CHS (Prop) C.T.S. NO. 681 OF VILLAGE MULUND, LOKMANYA TILAK ROAD, MULUND(E)"                                                                                                                                                                                                                                                                                                                                                                                                                                                                                                                                                                       ,33(10) New scheme ,          ,                             ,M/s. J K Construction                                                                                                                   ,Shri. Samar Raut (M/s. Vision)                                                       ,                     ,MCGM
    12 ,"PROP. S.R.SCHEME ON CTS NO.151 OF VILLAGE HARIYALI, TAGORE NAGAR, GROUP NO.03 NEAR CHAWL NO.342, VIKHROLI (E),MUMBAI-83. FOR ' MAYA SAGAR SAHAKARI GRIHA NIRMAN SANSTHA (LTD). TOTAL PLOT AREA=1404.00 SQ.MT. ARCHITECT ADD= SOMALI PARUI OF M/S.ARCO, A/4, AMEYA CHS, TILAK NAGAR, CHEMBUR,MUMBAI-89."                                                                                                                                                                                                                                                                                                                                                        ,"PROP. S.R.SCHEME ON CTS NO.151 OF VILLAGE HARIYALI, TAGORE NAGAR, GROUP NO.03 NEAR CHAWL NO.342, VIKHROLI (E),MUMBAI-83. FOR ' MAYA SAGAR SAHAKARI GRIHA NIRMAN SANSTHA (LTD). TOTAL PLOT AREA=1404.00 SQ.MT. ARCHITECT ADD= SOMALI PARUI OF M/S.ARCO, A/4, AMEYA CHS, TILAK NAGAR, CHEMBUR,MUMBAI-89."                                                                                                                                                                                                                                                                                                                                                        ,33(10) New scheme ,          ,                             ,M/S.LUXURY BUILDERS & DEVELOPERS PVT. LTD.                                                                                              ,"MISS SOMALI PARUI OF M/S. ARCO A-4/AMEYA CHS, NEW TILAK NAGAR, CHEMBUR, MUMBAI-89." ,                     ,MHADA
    13 ,"NEW PROPOSAL ON PROPERTY BEARING CTS NO.471/A (PT), 472, 473, 474(PT), 475(PT), 476(PT) OF VILL. KANDIVALI, GANESH NAGAR, KANDIVALI (W) MUMBAI-400 067."                                                                                                                                                                                                                                                                                                                                                                                                                                                                                                       ,"NEW PROPOSAL ON PROPERTY BEARING CTS NO.471/A (PT), 472, 473, 474(PT), 475(PT), 476(PT) OF VILL. KANDIVALI, GANESH NAGAR, KANDIVALI (W) MUMBAI-400 067."                                                                                                                                                                                                                                                                                                                                                                                                                                                                                                       ,33(10) New scheme ,          ,                             ,M/S. SHREEYA DEVELOPERS                                                                                                                 ,Shri. Tushar Parulekar of M/s. Griharachna Architects & Interior Designers (New)     ,                     ,MCGM & MHADA & PVT
    14 ,"PROP. S.R.SCHEME UNDER 33(14)D ON CTS NO. 178, 179,262 TO 263, 265 TO 271, 273 TO 282,186 TO 187,138, 141,143 TO 146, 148, 156,157,159 TO 161,195 TO 198,172 (PT), 272 (PT),203,215 OF VILLAGE KANDIVALI, R/SOUTH WARD AT BUNDER PAKAHDI ROAD, KANDIVALI (W),MUMBAI. FOR' GAURAV GARDEN LAYOUT'"                                                                                                                                                                                                                                                                                                                                                               ,"PROP. S.R.SCHEME UNDER 33(14)D ON CTS NO. 178, 179,262 TO 263, 265 TO 271, 273 TO 282,186 TO 187,138, 141,143 TO 146, 148, 156,157,159 TO 161,195 TO 198,172 (PT), 272 (PT),203,215 OF VILLAGE KANDIVALI, R/SOUTH WARD AT BUNDER PAKAHDI ROAD, KANDIVALI (W),MUMBAI. FOR' GAURAV GARDEN LAYOUT'"                                                                                                                                                                                                                                                                                                                                                               ,33(14)D Scheme    ,          ,                             ,M/S.RAVI REAL ESTATE DEVELOPER PVT. LTD.                                                                                                ,M/s. Design Concept                                                                  ,                     ,PRIVATE
    15 ,"PROP. S.R.SCHEME UNDER SEC.33(10) ON CTS NO.136(PT) OF VILLAGE VADHVAN AT BANDONGRI, KANDIVALI (E),MUMBAI. FOR SAI VIJAYA CHS (PROP)"                                                                                                                                                                                                                                                                                                                                                                                                                                                                                                                          ,"PROP. S.R.SCHEME UNDER SEC.33(10) ON CTS NO.136(PT) OF VILLAGE VADHVAN AT BANDONGRI, KANDIVALI (E),MUMBAI. FOR SAI VIJAYA CHS (PROP)"                                                                                                                                                                                                                                                                                                                                                                                                                                                                                                                          ,33(10) New scheme ,          ,                             ,M/s. Vijaya Developer                                                                                                                   ,Mr. Rajendra Ahir                                                                    ,                     ,PRIVATE
    16 ,"PROP. S.R.SCHEME ON CTS NO.471/A (PT) OF VILLAGE KANDIVALI , KANDIVALI (W),MUMBAI-67. FOR' ANAND SHEJAR CHS (PROP)'"                                                                                                                                                                                                                                                                                                                                                                                                                                                                                                                                           ,"PROP. S.R.SCHEME ON CTS NO.471/A (PT) OF VILLAGE KANDIVALI , KANDIVALI (W),MUMBAI-67. FOR' ANAND SHEJAR CHS (PROP)'"                                                                                                                                                                                                                                                                                                                                                                                                                                                                                                                                           ,33(10) New scheme ,          ,                             ,M/S.R.S.DEVELOPERS                                                                                                                      ,New Anuraddha Raikar                                                                 ,                     ,STGOVT
    17 ,"PROP. S.R.SCHEME ON CTS NO.471/A(PT) OF VILLAGE KANDIVALI, KANDIVALI (W),MUMBAI-67. FOR' JAI SHIVNERI SHEJAR CHS (PROP)'"                                                                                                                                                                                                                                                                                                                                                                                                                                                                                                                                      ,"PROP. S.R.SCHEME ON CTS NO.471/A(PT) OF VILLAGE KANDIVALI, KANDIVALI (W),MUMBAI-67. FOR' JAI SHIVNERI SHEJAR CHS (PROP)'"                                                                                                                                                                                                                                                                                                                                                                                                                                                                                                                                      ,33(10) New scheme ,          ,                             ,M/S.R.S.DEVELOPERS                                                                                                                      ,New Anuraddha Raikar                                                                 ,                     ,STGOVT
    18 ,"PROP. S.R.SCHEME ON CTS NO.471/A(PT), 478(PT), 481(PT) & 483/C(PT) OF VILLAGE KANDIVALI AT 90 FEET ROAD, JAGDISH CHETTY MARG, GANESH NAGAR, KANDIVALI(W),UMBAI-67. FOR ' 1)JAYBHARAT SRA CHS LTD 2)PRABHAT CH-WAL SRA CHS (PROP)."                                                                                                                                                                                                                                                                                                                                                                                                                             ,"PROP. S.R.SCHEME ON CTS NO.471/A(PT), 478(PT), 481(PT) & 483/C(PT) OF VILLAGE KANDIVALI AT 90 FEET ROAD, JAGDISH CHETTY MARG, GANESH NAGAR, KANDIVALI(W),UMBAI-67. FOR ' 1)JAYBHARAT SRA CHS LTD 2)PRABHAT CH-WAL SRA CHS (PROP)."                                                                                                                                                                                                                                                                                                                                                                                                                             ,33(10) New scheme ,          ,                             ,M/S. S.B.REALTY                                                                                                                         ,SHRI. SURESH GAIKWAD OF M/S. SKY TECH CONSULTANTS                                    ,                     ,MCGM & STGOVT
    19 ,"PROPOSED SCHEME ON PLOT BEARING C.T.S. NO. 403,404,406,408,& 411 OF VILLAGE POISAR, GAONDEVI ROAD, KANDIVALI(E) MUMBAI. FOR JAI BHAVANI CHS(PROP)"                                                                                                                                                                                                                                                                                                                                                                                                                                                                                                             ,"PROPOSED SCHEME ON PLOT BEARING C.T.S. NO. 403,404,406,408,& 411 OF VILLAGE POISAR, GAONDEVI ROAD, KANDIVALI(E) MUMBAI. FOR JAI BHAVANI CHS(PROP)"                                                                                                                                                                                                                                                                                                                                                                                                                                                                                                             ,33(10) New scheme ,          ,                             ,M/S. SAI OM DEVELOPERS                                                                                                                  ,Mr. Rakesh G. Waghmare of M/s. Design World                                          ,                     ,PRIVATE
    20 ,"PROPOSED S.R. SCHME ON PLOT BEARING C.T.S. NO. 455,456,456/1 TO 4,457,458,458/1 & 459, OF VILLAGE POISAR, TALUKA-BORIVALI SITUATED AT GAONDEVI ROAD, POISAR,KANDIVALI (E), MUMBAI 400 101 FOR SHREE SAI SHRADHA CHS(PROP)."                                                                                                                                                                                                                                                                                                                                                                                                                                    ,"PROPOSED S.R. SCHME ON PLOT BEARING C.T.S. NO. 455,456,456/1 TO 4,457,458,458/1 & 459, OF VILLAGE POISAR, TALUKA-BORIVALI SITUATED AT GAONDEVI ROAD, POISAR,KANDIVALI (E), MUMBAI 400 101 FOR SHREE SAI SHRADHA CHS(PROP)."                                                                                                                                                                                                                                                                                                                                                                                                                                    ,33(10) New scheme ,          ,                             ,M/S. RAS BUILDERS & DEVELOPERS.                                                                                                         ,Mr. Rakesh G. Waghmare of M/s. Design World                                          ,                     ,PVT&STGOVT
    21 ,"PROP.S.R.SCHEME ON CTS NO.471A(PT) OF VILLAGE KANDIVALI, TALUKA BORIVALI AT OLD LINK ROAD, KANDIVALI (W),MUMBAI-400 067. FOR ' EKTA SEVA SANGH CHS (PROP)' ."                                                                                                                                                                                                                                                                                                                                                                                                                                                                                                  ,"PROP.S.R.SCHEME ON CTS NO.471A(PT) OF VILLAGE KANDIVALI, TALUKA BORIVALI AT OLD LINK ROAD, KANDIVALI (W),MUMBAI-400 067. FOR ' EKTA SEVA SANGH CHS (PROP)' ."                                                                                                                                                                                                                                                                                                                                                                                                                                                                                                  ,33(10) New scheme ,          ,                             ,M/s. Ruparel Infra & realty Pvt Ltd And M/s. Shree Siddhivinayak Infrastructure & Realty Ltd. And M/s. Skoda Construction Ganesh Nagar. ,Shri. Rahul Veturkar (M/s. Veturkar & Associates)                                    ,                     ,STGOVT
    22 ,"PROP.S.R.SCHEME ON CTS NO.471A(PT) OF VILLAGE KANDIVALI, TALUKA-BORIVALI AT OLD LINK ROAD, KANDIVALI(W),MUMBAI-67. FOR' JAI BAJRANG CHS (PROP)'"                                                                                                                                                                                                                                                                                                                                                                                                                                                                                                               ,"PROP.S.R.SCHEME ON CTS NO.471A(PT) OF VILLAGE KANDIVALI, TALUKA-BORIVALI AT OLD LINK ROAD, KANDIVALI(W),MUMBAI-67. FOR' JAI BAJRANG CHS (PROP)'"                                                                                                                                                                                                                                                                                                                                                                                                                                                                                                               ,33(10) New scheme ,          ,                             ,M/s. Ruparel Infra & realty Pvt Ltd And M/s. Shree Siddhivinayak Infrastructure & Realty Ltd. And M/s. Skoda Construction Ganesh Nagar. ,Shri. Rahul Veturkar (M/s. Veturkar & Associates)                                    ,                     ,STGOVT
    23 ,"PROPOSED S.R.SCHEME U/S.33[10] OF DCR 1991 ON PLOT BEARING C.T.S.NO.226 OF VILLAGE MALAD [W] , MUMBAI.64 For Panchsheel CHS"                                                                                                                                                                                                                                                                                                                                                                                                                                                                                                                                   ,"PROPOSED S.R.SCHEME U/S.33[10] OF DCR 1991 ON PLOT BEARING C.T.S.NO.226 OF VILLAGE MALAD [W] , MUMBAI.64 For Panchsheel CHS"                                                                                                                                                                                                                                                                                                                                                                                                                                                                                                                                   ,33(10) New scheme ,          ,                             ,M/S.GANDHI BUILDERS & DEVELOPERS.                                                                                                       ,M/s. Sanjay Neve & Associates                                                        ,                     ,STGOVT
    24 ,PROPOSED S.R.SCHEME U/S.33[10] OF DCR 1991ON PLOT BEARING PART OF C.T.S.NO.226 OF VILLAGE MALAD & MUMBAI. 64. For Aakash CHS                                                                                                                                                                                                                                                                                                                                                                                                                                                                                                                                    ,PROPOSED S.R.SCHEME U/S.33[10] OF DCR 1991ON PLOT BEARING PART OF C.T.S.NO.226 OF VILLAGE MALAD & MUMBAI. 64. For Aakash CHS                                                                                                                                                                                                                                                                                                                                                                                                                                                                                                                                    ,33(10) New scheme ,          ,                             ,M/S.GANDHI BUILDERS & DEVELOPERS.                                                                                                       ,M/s. Sanjay Neve & Associates                                                        ,                     ,STGOVT
    25 ,"PROPOSED S.R.SCHEME ON PLOT BEARING C.T.S.NO. 471 [PT] OF VILLAGE KANDIVALI , AT GOSALIA ROAD , SANJAY NAGAR , KANDIVALI [W], MUMBAI- 67 for JAI HANUMAN SHEJAR SAMMITTEE & 8 OTHERS CHS"                                                                                                                                                                                                                                                                                                                                                                                                                                                                      ,"PROPOSED S.R.SCHEME ON PLOT BEARING C.T.S.NO. 471 [PT] OF VILLAGE KANDIVALI , AT GOSALIA ROAD , SANJAY NAGAR , KANDIVALI [W], MUMBAI- 67 for JAI HANUMAN SHEJAR SAMMITTEE & 8 OTHERS CHS"                                                                                                                                                                                                                                                                                                                                                                                                                                                                      ,33(10) New scheme ,          ,                             ,M/s. Vijay Kamal Properties Pvt. Ltd.                                                                                                   ,M/s. Ellora Project Consultants Pvt. Ltd.                                            ,                     ,STGOVT
    26 ,"PROPOSED S.SHEME UNDER DCR 33[10] ON PLOT BEARING CTS NO.759 OF VILLAGE POISER ,TAL BORIVALI ,KANDIVALI [E] ,MUMBAI-400101 GAYATRI NAGAR SRA CHS [PROP] ,"                                                                                                                                                                                                                                                                                                                                                                                                                                                                                                     ,"PROPOSED S.SHEME UNDER DCR 33[10] ON PLOT BEARING CTS NO.759 OF VILLAGE POISER ,TAL BORIVALI ,KANDIVALI [E] ,MUMBAI-400101 GAYATRI NAGAR SRA CHS [PROP] ,"                                                                                                                                                                                                                                                                                                                                                                                                                                                                                                     ,33(10) New scheme ,          ,                             ,S M/S.JAYANT ENTERPRISES-S.N.PROJECT                                                                                                    ,Shri. Satish M. Hande of M/s. Ace Consultants                                        ,                     ,STGOVT
    27 ,"CTS NO.163(A) S.NO.13 OF VILLAGE AKURLI, KANDIVALI (E). FOR ' HANUMAN NAGAR TRIMURTI' CO-OP HSG. SOC. (PROP.)"                                                                                                                                                                                                                                                                                                                                                                                                                                                                                                                                                 ,"CTS NO.163(A) S.NO.13 OF VILLAGE AKURLI, KANDIVALI (E). FOR ' HANUMAN NAGAR TRIMURTI' CO-OP HSG. SOC. (PROP.)"                                                                                                                                                                                                                                                                                                                                                                                                                                                                                                                                                 ,33(10) New scheme ,          ,                             ,M/s. S B Developes                                                                                                                      ,M/s. Arch-V-Shan Creations                                                           ,                     ,STGOVT
    28 ,"PROPOSED S.R.SCHEME ON PLOT BEARING CTS NO.532,532/1 TO 11,535,535/1 TO 58 & NON SLUM CTS NO.534 OF VILLGE POISAR,BIHARI TEKADI GAODEVI ROAD,KANDIVALI [E],MUMBAI-400104. For Siddhivinayak SRA CHS"                                                                                                                                                                                                                                                                                                                                                                                                                                                           ,"PROPOSED S.R.SCHEME ON PLOT BEARING CTS NO.532,532/1 TO 11,535,535/1 TO 58 & NON SLUM CTS NO.534 OF VILLGE POISAR,BIHARI TEKADI GAODEVI ROAD,KANDIVALI [E],MUMBAI-400104. For Siddhivinayak SRA CHS"                                                                                                                                                                                                                                                                                                                                                                                                                                                           ,33(10) New scheme ,          ,                             ,S M/S.JAYANT ENTERPRISES-S.N.PROJECT                                                                                                    ,M/s Deodhar Associates                                                               ,                     ,PRIVATE
    29 ,"PROPOSED S.R.SCHEME UNDER DCR 33[10] ON PLOT BEARING C.T.S NO. 540,541,542 & PART OF 543 ,OF VILLAGE KANDIVALI,KANDIVALI [WEST],MUMBAI.For Friend Shejar Sammittee CHS"                                                                                                                                                                                                                                                                                                                                                                                                                                                                                        ,"PROPOSED S.R.SCHEME UNDER DCR 33[10] ON PLOT BEARING C.T.S NO. 540,541,542 & PART OF 543 ,OF VILLAGE KANDIVALI,KANDIVALI [WEST],MUMBAI.For Friend Shejar Sammittee CHS"                                                                                                                                                                                                                                                                                                                                                                                                                                                                                        ,33(10) New scheme ,          ,                             ,M/s. Hari Om Sai Developers                                                                                                             ,M/s. Vivek Bhole Architectures                                                       ,                     ,MCGM & STGOVT
    30 ,"PROPOSED S.R.SCHEME ON PLOT BEARING CTS NO.233,234,234/1 TO 7 IRANI WADI,ROAD NO-4,KANDIVALI [WEST],MUMBAI-67"                                                                                                                                                                                                                                                                                                                                                                                                                                                                                                                                                 ,"PROPOSED S.R.SCHEME ON PLOT BEARING CTS NO.233,234,234/1 TO 7 IRANI WADI,ROAD NO-4,KANDIVALI [WEST],MUMBAI-67"                                                                                                                                                                                                                                                                                                                                                                                                                                                                                                                                                 ,33(10) New scheme ,          ,                             ,MR.GURDIPSINGH S.GABADIA C.A. TO OF M/S.SAHEB DEV                                                                                       ,Shri. Ulhas Pagnis                                                                   ,                     ,PRIVATE
    31 ,"PROPOSED SR SCHEME UNDER DCR 33(10) ON PLOT BEARING CTS NO. 414 & 418 OF VILLAGE POISAR, GAONDEVI ROAD, KANDIVALI, MUMBAI 400 101"                                                                                                                                                                                                                                                                                                                                                                                                                                                                                                                             ,"PROPOSED SR SCHEME UNDER DCR 33(10) ON PLOT BEARING CTS NO. 414 & 418 OF VILLAGE POISAR, GAONDEVI ROAD, KANDIVALI, MUMBAI 400 101"                                                                                                                                                                                                                                                                                                                                                                                                                                                                                                                             ,33(10) New scheme ,          ,                             ,M/S. SAI OM DEVELOPERS                                                                                                                  ,Mr. Rakesh G. Waghmare of M/s. Design World                                          ,                     ,STGOVT
    32 ,"PROPOSED S.R.SCHEME UNDER DCR 33.10 ON PLOT BEARING CTS NO 394,398,399 &405 OF VILLAGE POISAR, GAONDEVI ROAD, KANDIVLI, MUMBAI 400 101"                                                                                                                                                                                                                                                                                                                                                                                                                                                                                                                        ,"PROPOSED S.R.SCHEME UNDER DCR 33.10 ON PLOT BEARING CTS NO 394,398,399 &405 OF VILLAGE POISAR, GAONDEVI ROAD, KANDIVLI, MUMBAI 400 101"                                                                                                                                                                                                                                                                                                                                                                                                                                                                                                                        ,33(10) New scheme ,          ,                             ,M/S. SAI OM DEVELOPERS                                                                                                                  ,Mr. Rakesh G. Waghmare of M/s. Design World                                          ,                     ,STGOVT
    33 ,"PROPOSED S.R.SCHEME UNDRE SECTION 33[10] ON PLOT BEARING C.T.S.NO.526[PT] ,561 [PT] ,567,568 ,569 [PT] ,570[PT] & 572 [PT] OF VILLAGE KANDIVALI ,AT HINDUSTAN NAKA ,KANDIVALI [W],MUMBAI. AS PER EX.ENG.(II) SRA S ORDER NEW PROPOSAL AMALGAMATED ON MCGM LAND ON CTS NO.526[PT]& 545 OF VILLAGE,KANDIVALI[MAANSAROVAR-A] .AMALGAMATED WITH CTS NO.523[PT],524[PT],525[PT],526[PT] & 528 [MAANSAROVAR-B],AMALGAMATION WITH CTS NO.513,523[PT] & 527 OF VIILLAGE KANDIVALI FOR CHS,BHATIA ESTATE SAHAKARI GRIHANIRNMAN SANSTHA [PROP].SRA/ENG/1995/RS/ML/LOI AMALGAMATION OF C.T.S.NO.517[PT],519 [PT],521 [PT] ,522 FOR MANIKARAN CHS [PROP] DATED.19/12/2009" ,"PROPOSED S.R.SCHEME UNDRE SECTION 33[10] ON PLOT BEARING C.T.S.NO.526[PT] ,561 [PT] ,567,568 ,569 [PT] ,570[PT] & 572 [PT] OF VILLAGE KANDIVALI ,AT HINDUSTAN NAKA ,KANDIVALI [W],MUMBAI. AS PER EX.ENG.(II) SRA S ORDER NEW PROPOSAL AMALGAMATED ON MCGM LAND ON CTS NO.526[PT]& 545 OF VILLAGE,KANDIVALI[MAANSAROVAR-A] .AMALGAMATED WITH CTS NO.523[PT],524[PT],525[PT],526[PT] & 528 [MAANSAROVAR-B],AMALGAMATION WITH CTS NO.513,523[PT] & 527 OF VIILLAGE KANDIVALI FOR CHS,BHATIA ESTATE SAHAKARI GRIHANIRNMAN SANSTHA [PROP].SRA/ENG/1995/RS/ML/LOI AMALGAMATION OF C.T.S.NO.517[PT],519 [PT],521 [PT] ,522 FOR MANIKARAN CHS [PROP] DATED.19/12/2009" ,33(10) New scheme ,          ,                             ,M/s. Bhatia Builders & Developers Pvt. Ltd.                                                                                             ,Shri. Jitendra B Patel of M/s. Aaakar Architect & Consultants                        ,                     ,MCGM
    34 ,"PROPOSED S.R.SCHEME ON PLOT BEARING C.T.S. NO.163 A [PT] OF VILLAGE AKRULI ,HANUMAN NAGAR ,KANDIVALI [E] ,MUMBAI-4000101"                                                                                                                                                                                                                                                                                                                                                                                                                                                                                                                                      ,"PROPOSED S.R.SCHEME ON PLOT BEARING C.T.S. NO.163 A [PT] OF VILLAGE AKRULI ,HANUMAN NAGAR ,KANDIVALI [E] ,MUMBAI-4000101"                                                                                                                                                                                                                                                                                                                                                                                                                                                                                                                                      ,33(10) New scheme ,          ,                             ,M/S.KENSTRO ENCLAVE DEVELOPERS                                                                                                          ,Shantanoo Rane & Associate                                                           ,                     ,MHADA
    35 ,"PROPOSED S.R.SCHEME ON PLOT BEARING C.T.S. NO.163 A [PT] OF VILLAGE AKURLI, HANUMAN NAGAR ,KANDIVALI [E] MUMBAI-4000101"                                                                                                                                                                                                                                                                                                                                                                                                                                                                                                                                       ,"PROPOSED S.R.SCHEME ON PLOT BEARING C.T.S. NO.163 A [PT] OF VILLAGE AKURLI, HANUMAN NAGAR ,KANDIVALI [E] MUMBAI-4000101"                                                                                                                                                                                                                                                                                                                                                                                                                                                                                                                                       ,33(10) New scheme ,          ,                             ,M/S.KENSTRO ENCLAVE DEVELOPERS                                                                                                          ,Shantanoo Rane & Associate                                                           ,                     ,MHADA
    36 ,"PROPOSED S.R.SCHEME ON PLOT BEARING C.T.S.NO. 163 A [PT] OF VILLAGE AKURLY ,HANUMAN NAGAR ,KANDIVALI [E] MUMBAI-4000101"                                                                                                                                                                                                                                                                                                                                                                                                                                                                                                                                       ,"PROPOSED S.R.SCHEME ON PLOT BEARING C.T.S.NO. 163 A [PT] OF VILLAGE AKURLY ,HANUMAN NAGAR ,KANDIVALI [E] MUMBAI-4000101"                                                                                                                                                                                                                                                                                                                                                                                                                                                                                                                                       ,33(10) New scheme ,          ,                             ,M/S.KENSTRO ENCLAVE DEVELOPERS                                                                                                          ,Shantanoo Rane & Associate                                                           ,                     ,MHADA
    37 ,"PROPOSED S.R.SCHEME ONPLOT BEARING C.T.S.NO.163 A [PT] OF VILLAGE AKURLI ,HANUMAN NAGAR ,KANDIVALI [E] ,MUMBAI-4000101"                                                                                                                                                                                                                                                                                                                                                                                                                                                                                                                                        ,"PROPOSED S.R.SCHEME ONPLOT BEARING C.T.S.NO.163 A [PT] OF VILLAGE AKURLI ,HANUMAN NAGAR ,KANDIVALI [E] ,MUMBAI-4000101"                                                                                                                                                                                                                                                                                                                                                                                                                                                                                                                                        ,33(10) New scheme ,          ,                             ,M/S.KENSTRO ENCLAVE DEVELOPERS                                                                                                          ,Shantanoo Rane & Associate                                                           ,                     ,MHADA
    38 ,"PROPOSED S.R.SCHEME ON PLOT BEARING C.T.S. NO.163 A [PT] OF VILLAGE AKRULI ,HANUMAN NAGAR ,KANDIVALI [E] ,MUMBAI-4000101"                                                                                                                                                                                                                                                                                                                                                                                                                                                                                                                                      ,"PROPOSED S.R.SCHEME ON PLOT BEARING C.T.S. NO.163 A [PT] OF VILLAGE AKRULI ,HANUMAN NAGAR ,KANDIVALI [E] ,MUMBAI-4000101"                                                                                                                                                                                                                                                                                                                                                                                                                                                                                                                                      ,33(10) New scheme ,          ,                             ,M/S.KENSTRO ENCLAVE DEVELOPERS                                                                                                          ,Shantanoo Rane & Associate                                                           ,                     ,MHADA
    39 ,"PROP. S.R. SCHEME ON PLOT BEARING CTS. NO.239,239/1 TO 14 OF VILLAGE MALAD SITUATED AT IRANIWADI KANDIVALI (W) FOR SHREE UMIYA DARSHAN"                                                                                                                                                                                                                                                                                                                                                                                                                                                                                                                        ,"PROP. S.R. SCHEME ON PLOT BEARING CTS. NO.239,239/1 TO 14 OF VILLAGE MALAD SITUATED AT IRANIWADI KANDIVALI (W) FOR SHREE UMIYA DARSHAN"                                                                                                                                                                                                                                                                                                                                                                                                                                                                                                                        ,33(10) New scheme ,          ,                             ,Patel Construction Co.                                                                                                                  ,KAMAAL MOMIN                                                                         ,                     ,PRIVATE
    40 ,"PROP S.R.S. ON PLOT BEARING C.T.S. NO. 296, 296/1 TO 42 OF VILL MALAD AT SHANKAR LANE, KANDIVALI (W) FOR SHREE GANESH C.H.S. (PROP)"                                                                                                                                                                                                                                                                                                                                                                                                                                                                                                                           ,"PROP S.R.S. ON PLOT BEARING C.T.S. NO. 296, 296/1 TO 42 OF VILL MALAD AT SHANKAR LANE, KANDIVALI (W) FOR SHREE GANESH C.H.S. (PROP)"                                                                                                                                                                                                                                                                                                                                                                                                                                                                                                                           ,33(10) New scheme ,          ,                             ,M/s. SHREE SAI ENTERPRISES                                                                                                              ,M/s. Chandrashekhar Architect                                                        ,                     ,PRIVATE
    41 ,"PROP S.R.S. ON PLOT BEARING C.T.S. NO. 163 A (PT) OF VILLAGE AKURLI, KANDIVALI (E) FOR JAI TULJABHAVANI C.H.S. (PROP)"                                                                                                                                                                                                                                                                                                                                                                                                                                                                                                                                         ,"PROP S.R.S. ON PLOT BEARING C.T.S. NO. 163 A (PT) OF VILLAGE AKURLI, KANDIVALI (E) FOR JAI TULJABHAVANI C.H.S. (PROP)"                                                                                                                                                                                                                                                                                                                                                                                                                                                                                                                                         ,33(10) New scheme ,          ,                             ,SPECTRUM ESTATE PVT. LTD.                                                                                                               ,M/s.Essar Group                                                                      ,                     ,MHADA
    42 ,"PROP. SRS. ON CTS.NO.128/A/4 (PT) OF VILLAGE RENUKA NAGAR, NEW LINK ROAD,DAHANUKAR WADI, KANDIVALI (W) FOR OM SAI SHRADHA RENUKA NAGAR CHS."                                                                                                                                                                                                                                                                                                                                                                                                                                                                                                                   ,"PROP. SRS. ON CTS.NO.128/A/4 (PT) OF VILLAGE RENUKA NAGAR, NEW LINK ROAD,DAHANUKAR WADI, KANDIVALI (W) FOR OM SAI SHRADHA RENUKA NAGAR CHS."                                                                                                                                                                                                                                                                                                                                                                                                                                                                                                                   ,33(10) New scheme ,          ,                             ,SHUBHA ENTERPRISES                                                                                                                      ,M/s. Sky Tech Consultants                                                            ,                     ,MHADA
    43 ,"PROP S.R.S. ON C.T.S. NO. 163 A OF VILL AKURLI, HANUMAN NAGAR, KANDIVALI (E) FOR ADARSH JANSEVA, JAI GANESH, TRIMURTI, TRIVENI, LOKMANYA, SANJIVANI, JAY JAGDAMBA, JAGDAMBA, JAI BHARAT, DEEP JYOTI, TULJABHAVANI"                                                                                                                                                                                                                                                                                                                                                                                                                                             ,"PROP S.R.S. ON C.T.S. NO. 163 A OF VILL AKURLI, HANUMAN NAGAR, KANDIVALI (E) FOR ADARSH JANSEVA, JAI GANESH, TRIMURTI, TRIVENI, LOKMANYA, SANJIVANI, JAY JAGDAMBA, JAGDAMBA, JAI BHARAT, DEEP JYOTI, TULJABHAVANI"                                                                                                                                                                                                                                                                                                                                                                                                                                             ,33(10) New scheme ,          ,                             ,RUCHIPRIYA DEVELOPERS PVT LTD                                                                                                           ,M/S.GRIT ARCHITECTURAL CONSULTANCY PVT. LTD.                                         ,                     ,STGOVT
    44 ,PROP SR SCHEME NO.C.T.S. NO. 163A OF VILLAGE AKURLI KANDIVALI (E) MUMBAI- FOR SAHAYOG CHS (PROP) 1]JAI SHREE AMBE CHS [PROP] & 2] PAWAN PUTRA C.H.S.[PROP].AMALGAMATION WITH EARLIER ALREADY ACCEPTED S.R.SCHEME FOR SAHAYOG C.H.S.[PROP].                                                                                                                                                                                                                                                                                                                                                                                                                      ,PROP SR SCHEME NO.C.T.S. NO. 163A OF VILLAGE AKURLI KANDIVALI (E) MUMBAI- FOR SAHAYOG CHS (PROP) 1]JAI SHREE AMBE CHS [PROP] & 2] PAWAN PUTRA C.H.S.[PROP].AMALGAMATION WITH EARLIER ALREADY ACCEPTED S.R.SCHEME FOR SAHAYOG C.H.S.[PROP].                                                                                                                                                                                                                                                                                                                                                                                                                      ,33(10) New scheme ,          ,                             ,SPECTRUM ESTATE PVT. LTD.                                                                                                               ,"Mrs. Anuradha Raikar M/s. Plan Well Architects,"                                    ,                     ,MHADA
    45 ,"PROP SRS ON CTS NO. 3 (PT),3/1 TO 222 8, 9, 9/1 TO 20, 10, 10/1 TO 19, 11, 11/1 TO 24, 12, 12/1 TO 44, 13, 13/1 TO 39 OF VILL WADH-WAN AT KANDIVALI (E) FOR SHRI RAM NAGAR & SAMART CHS (PROP)"                                                                                                                                                                                                                                                                                                                                                                                                                                                                ,"PROP SRS ON CTS NO. 3 (PT),3/1 TO 222 8, 9, 9/1 TO 20, 10, 10/1 TO 19, 11, 11/1 TO 24, 12, 12/1 TO 44, 13, 13/1 TO 39 OF VILL WADH-WAN AT KANDIVALI (E) FOR SHRI RAM NAGAR & SAMART CHS (PROP)"                                                                                                                                                                                                                                                                                                                                                                                                                                                                ,33(10) New scheme ,          ,                             ,M/s. Rushabh Developers                                                                                                                 ,C. Subhash And Asso.                                                                 ,                     ,PRIVATE
    46 ,"Keshodham Co-op. Housing Society (Proposed) CTS No. 2853/B, 2853/C & 2853/D of village Dahisar at Dahisar (E), Mumbai under Regulation 33(10) & 32 of DCR 1991. Total Plot Area = 3591.80sq.mt. for Keshodham Co-op. Housing Society (Proposed)"                                                                                                                                                                                                                                                                                                                                                                                                               ,Keshodham Co-op. Housing Society (Proposed)                                                                                                                                                                                                                                                                                                                                                                                                                                                                                                                                                                                                                     ,33(10) New scheme ,          ,                             ,MANGILAL R. JAIN                                                                                                                        ,SHRI.S. NEVE OF M/S. WESYMOR+ CONSULTANTS PVT. LTD.                                  ,                     ,PRIVATE
    47 ,"Jai Siddeshwari CHS (Prop) Proposal for S. R. Scheme on plot bearing CTS No. 2668, 2669(pt), 2672(pt) of Dahisar (E), Mum 68 for Jai Siddeshwari CHS (Prop) Plot Area = 3046.60"                                                                                                                                                                                                                                                                                                                                                                                                                                                                               ,Jai Siddeshwari CHS (Prop)                                                                                                                                                                                                                                                                                                                                                                                                                                                                                                                                                                                                                                      ,33(10) New scheme ,          ,                             ,M/s. Vini Realties                                                                                                                      ,M/s. S. S. Associates                                                                ,                     ,STGOVT
    48 ,"M/S.BHABLIPADA CHS (PROP) PROP.S.R.SCHEME ON CTS NO.1525(PT) OF VILLAGE DAHISAR, BHABLIPADA CHATRAPATI SHIVAJI COMPLEX, CROSS ROAD NO.3, DAHISAR(E),MUMBAI-68. FOR ' M/S.BHABLIPADA CHS (PROP)' TOTAL PLOT AREA= 14366.49 SQ.MT. ARCHITECT ADD=1ST FLOOT, ADITYA KUTIR, 4TH ROAD, KHAR(W), MUMBAI-52."                                                                                                                                                                                                                                                                                                                                                         ,M/S.BHABLIPADA CHS (PROP)                                                                                                                                                                                                                                                                                                                                                                                                                                                                                                                                                                                                                                       ,33(10) New scheme ,          ,                             ,M/S.OM SHIVSHAKTI CONSTRUCTION.CO.                                                                                                      ,Shri. B.S. Pushkar of M/s. Pushkar consultants.                                      ,                     ,STGOVT
    49 ,"FOR SANJOG NAGAR SRA CHS(PROP). PROPOSED S.R.SCHME ON PLOT BEARING C.T.S. NO. 2761 OF DAHISAR (E), MUMBAI 400 068 (PLOT AREA 3175.00 SQ.MTR) FOR SANJOG NAGAR SRA CHS(PROP).SRA/ENG/2527/RN/PL/LOI"                                                                                                                                                                                                                                                                                                                                                                                                                                                            ,FOR SANJOG NAGAR SRA CHS(PROP).                                                                                                                                                                                                                                                                                                                                                                                                                                                                                                                                                                                                                                 ,33(10) New scheme ,          ,                             ,M/S. VIVA SAVLI DEVELOPERS                                                                                                              ,M/s. S.S. Associates                                                                 ,                     ,PRIVATE
    50 ,"SHREE GAJANAN KRUPA CHS [PROP], DAHISAR PROPOSED S.R.SCHEME ON PLOT BEARING C.T.S.NO.1695,1696,1697,1697/1 TO 4,1698,1698/1 TO 4 , 1699,1699/1 TO 3 ,1700,1700/1 TO 3, 1701,1701/1 TO 3 , 1702,1702/ 1 TO 6 , 1703,1703/1 TO 4 ,1704,1704/1 TO 3, 1714,1714/1 TO 6,1715,1718,1718/1 TO 4,1719,1719/1 TO 5,1720,1720/1,1720/2,1720/3,1720/4, OF VILLAGE DAHISAR , TAL-BORIVALI AT OVRIPADA MAHAJAN ROAD, DAHISAR [E], MUMBAI.68 [ PLOT AREA = 2013.50 SQ.MT.] SRA/ENG/2425/RN/PL/LOI"                                                                                                                                                                           ,"SHREE GAJANAN KRUPA CHS [PROP], DAHISAR"                                                                                                                                                                                                                                                                                                                                                                                                                                                                                                                                                                                                                       ,33(10) New scheme ,          ,                             ,M/S.VIVA KUTIR DEVELOPERS.                                                                                                              ,"Mrs. Anuradha Raikar M/s. Plan Well Architects,"                                    ,                     ,PRIVATE
