,Product Name,Prices,Reviews
0,KUCHILA Back Cover for Samsung Galaxy A32,₹299,3.8
1,SmartPhons Back Cover for Samsung Galaxy A32,₹299,4.6
2,BALESARA Back Cover for Samsung Galaxy A32,₹299,3.4
3,Chandrika Flip Cover for Redmi9a,₹299,4.5
4,Chandrika Flip Cover for Redmi7,₹299,3.5
5,Chandrika Flip Cover for Redmi8,₹299,4.3
6,MORITZ Back Cover for Realme 11x 5G / Realme Narzo 60X ...,₹239,4.4
7,GLOBAL NOMAD Back Cover for Motorola Moto G34 5G,₹207,4
8,Doubledicestore Back Cover for Motorola Moto G34 5G,₹219,3.9
9,Micvir Back Cover for Nothing Phone (2a),₹199,4.6
10,Aaralhub Back Cover for Nothing Phone (2a),₹238,4.8
11,Aaralhub Back Cover for Nothing Phone (2a),₹238,4.4
12,AESTMO Back Cover for Oppo Reno 11 Pro 5G,₹479,4.7
13,"BRENZZ Back Cover for Samsung Galaxy A35 5G, (CT)",₹229,4.4
14,Zapcase Back Cover for Motorola Moto G34 5G,₹207,4
15,Zapcase Back Cover for Motorola Moto G34 5G,₹167,4.4
16,Doubledicestore Back Cover for Nothing Phone (2a),₹195,4.1
17,AESTMO Back Cover for Motorola Moto G34 5G,₹479,4.2
18,AESTMO Back Cover for Redmi Note 13 Pro Plus 5G,₹479,4.4
19,Micvir Back Cover for Nothing Phone (2a),₹199,4.1
20,Flipkart SmartBuy Back Cover for Motorola Moto G34 5G,₹199,4
21,Micvir Back Cover for OnePlus Nord CE 2 Lite 5G,₹194,4.8
22,GLOBAL NOMAD Back Cover for OnePlus Nord CE 2 Lite 5G,₹207,4.2
23,Micvir Back Cover for Vivo Y20,₹200,4.1
24,Autofocus Back Cover for Moto G34 5G,₹299,4.2
25,AESTMO Back Cover for Redmi Note 13 Pro Plus 5G,₹479,4.1
26,HUPSHY Back Cover for MOTOROLA moto G34 5G,₹245,4.1
27,Micvir Back Cover for Realme 7,₹181,4.4
28,AESTMO Back Cover for Motorola Moto G34 5G,₹479,4.4
29,Fashionury Back Cover for Moto G34 5G,₹199,3.9
30,"Cover Alive Back Cover for Motorola Edge 40 Neo, Moto E...",₹295,4.2
31,Micvir Back Cover for Oppo F21 Pro 5G,₹200,3.3
32,KartV Back Cover for Realme Narzo 50A,₹239,4.5
33,Micvir Back Cover for Vivo V29 5G,₹239,
34,GLOBAL NOMAD Back Cover for Apple iPhone 11,₹263,
35,Zapcase Back Cover for Samsung Galaxy A34 5G,₹279,
36,KARWAN Back Cover for Apple iPhone 14,₹301,
37,"CEDO XPRO Back Cover for Vivo V29 Pro 5G, Vivo V29 5G",₹239,
38,CASE CREATION Back Cover for Nothing phone 2a cover Cry...,₹269,
39,NEXZONE Back Cover for SAMSUNG Galaxy A35 5G,₹399,
40,Micvir Back Cover for Motorola E13,₹196,4.1
41,Fashionury Back Cover for Moto G34 5G,₹199,4
42,AESTMO Back Cover for Oppo Reno 11 Pro 5G,₹479,4.3
43,"Flipkart SmartBuy Back Cover for Nothing Phone (2a), No...",₹299,3.4
44,Flipkart SmartBuy Back Cover for Moto G54 5G,₹199,4.3
45,GLOBAL NOMAD Back Cover for Samsung Galaxy M14 5G,₹207,4.1
46,BOZTI Back Cover for Nothing Phone (2a),₹224,3.9
47,Micvir Back Cover for Nothing Phone (2a),₹199,4.2
48,"CEDO XPRO Back Cover for Vivo T2 Pro 5G, IQOO Z7 Pro 5G",₹239,4.6
49,Flipkart SmartBuy Back Cover for Vivo V29e 5G,₹199,3.6
50,GLOBAL NOMAD Back Cover for Vivo T2x 5G,₹207,4.2
51,"KWINE CASE Back Cover for RealMe 12 Plus 5G, realme 12+...",₹295,4.2
52,Meephone Back Cover for SAMSUNG Galaxy A15 5G,₹233,4.6
53,Flipkart SmartBuy Back Cover for SAMSUNG Galaxy F14 5G,₹199,4.4
54,"Flipkart SmartBuy Back Cover for RealMe 12 Plus 5G, rea...",₹249,3.5
55,AIBEX Flip Cover for Vivo T3 5G / Vivo Y200e 5G|Vegan P...,₹486,4
56,"KWINE CASE Back Cover for Nothing Phone (2a), Nothing P...",₹299,4
57,Casotec Back Cover for Mi Redmi 13C 5G,₹199,4.1
58,KARWAN Back Cover for APPLE iPhone 13,₹329,4.2
59,Foncase Back Cover for oppo A59 5g back cover,₹220,4
60,Autofocus Back Cover for Moto G34 5G,₹299,4
61,GLOBAL NOMAD Back Cover for Realme 11 5G,₹207,4.1
62,Micvir Back Cover for Nothing Phone (2a),₹199,4.2
63,Artistque Back Cover for Realme 5 Pro,₹236,4.4
64,Zapcase Back Cover for OnePlus Nord,₹207,4.2
65,Zapcase Back Cover for Samsung Galaxy A34 5G,₹279,4
66,Micvir Back Cover for Realme C35,₹202,4.3
67,Micvir Back Cover for realme 9 Pro Plus 5G,₹200,3.7
68,Zapcase Back Cover for Samsung Galaxy S21 FE 5G,₹279,3.6
69,Zapcase Back Cover for Motorola Moto G54 5G,₹207,3.9
70,Fablue Back Cover for Nothing Phone (2a),₹295,4.3
71,"Moshking Back Cover for Samsung Galaxy F23 5G, 360° Pro...",₹399,4
72,Flipkart SmartBuy Back Cover for Redmi 13C 5G,₹199,4.1
73,Micvir Back Cover for Nothing Phone (2a),₹199,4.2
74,Flipkart SmartBuy Back Cover for POCO M6 5G,₹295,4.3
75,GLOBAL NOMAD Back Cover for OnePlus Nord CE 2 Lite 5G,₹279,4
76,Zapcase Back Cover for Motorola Moto G34 5G,₹279,3.9
77,GLOBAL NOMAD Back Cover for OnePlus Nord CE 3 Lite 5G,₹207,4.3
78,Meephone Back Cover for Poco M6 5G,₹197,
79,Zapcase Back Cover for Vivo T2 Pro 5G,₹279,
80,GLOBAL NOMAD Back Cover for Vivo T2x 5G,₹207,3.6
81,FlareHUB Back Cover for APPLE iPhone 15,₹199,3.7
82,"CEDO XPRO Back Cover for Vivo T2 Pro 5G, IQOO Z7 Pro 5G",₹239,4.2
83,Flipkart SmartBuy Back Cover for Vivo V29e 5G,₹199,4.6
84,Micvir Back Cover for Realme 5,₹199,4
85,"Aaralhub Back Cover for realme 12 Pro+ 5G, Realme 12 Pr...",₹238,4.1
86,"Bodoma Back Cover for Oppo F25 Pro, Oppo F25 Pro 5G tra...",₹295,4
87,Micvir Back Cover for iQOO Z7 Pro 5G,₹239,4.4
88,AIBEX Flip Cover for Vivo T3 5G / Vivo Y200e 5G|Vegan P...,₹486,4.4
89,Foncase Back Cover for oppo A59 5g back cover,₹220,4.1
90,Casotec Back Cover for Mi Redmi 13C 5G,₹199,4
91,"Flipkart SmartBuy Back Cover for RealMe 12 Plus 5G, rea...",₹249,4.6
92,"KWINE CASE Back Cover for Nothing Phone (2a), Nothing P...",₹299,3.5
93,Enflamo Back Cover for Apple iPhone 14,₹223,4.2
94,Artistque Back Cover for Apple Iphone 12 Mini,₹295,3.9
95,Artistque Back Cover for Realme 5 Pro,₹236,4.1
96,Autofocus Back Cover for Moto G34 5G,₹299,4.2
97,GLOBAL NOMAD Back Cover for Realme 11 5G,₹207,4
98,Micvir Back Cover for Nothing Phone (2a),₹199,4
99,GLOBAL NOMAD Back Cover for Vivo Y56 5G,₹207,4.2
100,KWINE CASE Back Cover for Motorola Moto G34 5G,₹295,3.9
101,Enflamo Back Cover for Apple iPhone 14,₹195,4.1
102,Zapcase Back Cover for Motorola Moto E7 Power,₹167,4.2
103,Zapcase Back Cover for Motorola Moto G54 5G,₹207,3.7
104,Zapcase Back Cover for Samsung Galaxy A34 5G,₹279,4.4
105,Zapcase Back Cover for Samsung Galaxy S21 FE 5G,₹279,4.3
106,Micvir Back Cover for Realme C35,₹202,4.2
107,ADI Creations Back Cover for OPPO A79 5G,₹224,3.8
108,"Moshking Back Cover for Samsung Galaxy F23 5G, 360° Pro...",₹399,3.9
109,SoftTech Back Cover for Realme C2,₹219,4.2
110,Zapcase Back Cover for POCO C65,₹167,4.5
111,KARWAN Back Cover for APPLE iPhone 13,₹329,3.8
112,Micvir Back Cover for Apple iphone 11,₹196,4.1
113,Micvir Back Cover for realme 9 Pro Plus 5G,₹200,4
114,Flipkart SmartBuy Back Cover for Redmi 13C 5G,₹199,4.3
115,Zapcase Back Cover for Motorola Moto G34 5G,₹279,4.3
116,Flipkart SmartBuy Back Cover for POCO M6 5G,₹295,4.1
117,Evaton Back Cover for Boat Nirvana Ion ANC Case Cover S...,₹289,4
118,GLOBAL NOMAD Back Cover for OnePlus Nord CE 3 Lite 5G,₹207,4
119,GLOBAL NOMAD Back Cover for OnePlus Nord CE 2 Lite 5G,₹279,4.2
120,Flipkart SmartBuy Back Cover for Infinix Smart 8 HD,₹199,3.9
121,Zapcase Back Cover for Redmi 13C 4G,₹279,4.4
122,Aaralhub Back Cover for Poco M6 Pro 5G,₹238,3.6
123,Zapcase Back Cover for Mi A2,₹167,4.1
124,Micvir Back Cover for Samsung Galaxy M31,₹260,4.2
125,Flipkart SmartBuy Back Cover for Poco M6 5G,₹199,4.3
126,COVERBLACK Back Cover for SAMSUNG Galaxy A35 5G,₹229,4.1
127,"KartV Back Cover for Poco M2 Pro, Mi Redmi Note 9 Pro, ...",₹211,3.9
128,"KWINE CASE Back Cover for OPPO F25 Pro 5G, Oppo F25 Pro...",₹295,3.9
129,Micvir Back Cover for IQOO Z6 Lite 5G,₹182,4.1
130,Artistque Back Cover for Realme 11 Pro 5G,₹199,4.2
131,GLOBAL NOMAD Back Cover for Vivo V29e 5G,₹303,4.2
132,KWINE CASE Back Cover for Oppo F17 Pro,₹295,4.1
133,Fablue Back Cover for Infinix Hot 10 Play,₹299,3.9
134,"GLOBAL NOMAD Back Cover for Vivo Y17, Vivo Y12, Vivo Y1...",₹207,4.4
135,vmt stock Back Cover for Moto G34 5G,₹219,4.3
136,"Zapcase Back Cover for Apple iPhone 7, Apple iPhone 8, ...",₹349,3.9
137,KWINE CASE Back Cover for vivo T3 5G,₹295,3.4
138,BOZTI Back Cover for Nothing Phone (2a),₹259,4.1
139,Artistque Back Cover for Poco C51,₹239,3.8
140,Zapcase Back Cover for Mi Redmi Note 13 Pro Plus 5G,₹279,4
141,KARWAN Back Cover for Apple iPhone 11 Pro,₹301,4.3
142,"KartV Back Cover for Realme Narzo N55, Realme C55",₹211,4.1
143,AB PRIME Back Cover for Redmi 13C 5G,₹239,3.9
144,HSRPRO Back Cover for Apple iPhone 13,₹449,4.2
145,GLOBAL NOMAD Back Cover for Vivo V29e 5G,₹279,3.9
146,SESS XUSIVE Flip Cover for Samsung Galaxy F15 5G -Dual-...,₹299,4.2
147,"Febelo Back Cover for Realme C12, Realme Narzo 20, Real...",₹149,4
148,"SHINESTAR. Back Cover for Poco M2 Pro, Mi Redmi Note 9 ...",₹229,4.4
149,NEXZONE Back Cover for SAMSUNG Galaxy A35 5G,₹242,4.4
150,Fablue Back Cover for Motorola G60 Motorola G60,₹299,3.9
151,Artistque Back Cover for Vivo T2X 5G,₹239,4.4
152,vmt stock Back Cover for Motorola Moto Edge 40 Neo 5G,₹255,4.2
153,Matte Guard Back Cover for Nothing Phone (2a) 5G,₹249,4.3
154,KartV Back Cover for Oppo A31,₹239,4.2
155,KWINE CASE Back Cover for Realme XT,₹249,4.2
156,"My Thing! Back Cover for Poco M2 Pro, Mi Redmi Note 9 P...",₹216,4.4
157,Spicesun Back Cover for Redmi 13C 5G,₹279,4.1
158,Zelq Flip Cover for Mi Redmi 6A,₹234,4.3
159,Zapcase Back Cover for Redmi 13C 4G,₹167,
