,Product Name,Prices,Description
0,U.S. POLO ASSN.,"₹2,289",OXLEY 2.0 Walking Shoes For Men
1,New Balance,"₹4,713",480 Running Shoes For Men
2,NIKE,"₹4,795",Ebernon Low Sneakers For Women
3,NIKE,"₹3,564",Downshifter 13 (Extra Wide) Running Shoes For Men
4,NIKE,"₹3,746",Court Vision Low Sneakers For Men
5,NIKE,"₹2,586",Revolution 6 Running Shoes For Men
6,New Balance,"₹6,899",327 Sneakers For Women
7,New Balance,"₹3,196",4020 Cricket Shoes For Men
8,NIKE,"₹4,271",Court Zoom Lite 3 Hard Court Tennis Shoes For Men
9,NIKE,"₹4,721",Quest 5 Running Shoes For Men
10,Xtep,"₹3,112",Sneakers For Men
11,New Balance,"₹2,940",4020 Cricket Shoes For Men
12,NIKE,"₹10,121",Nike Air Zoom Vomero 16 Men's Road Running Shoes Runnin...
13,NIKE,"₹5,096",Air Max SC Leather Sneakers For Men
14,NIKE,"₹3,746",Flex Experience Run 11 Running Shoes For Men
15,NIKE,"₹5,621",RENEW RUN 4 Running Shoes For Men
16,NIKE,"₹3,695",Revolution 7 Running Shoes For Men
17,NIKE,"₹3,986",Court Air Zoom Lite 3 Running Shoes For Men
18,NIKE,"₹4,295",Downshifter 13 Running Shoes For Men
19,NIKE,"₹4,975",COURT LEGACY SUEDE Tennis Shoes For Men
20,NIKE,"₹3,695",Revolution 7 Running Shoes For Men
21,NIKE,"₹2,996",Downshifter 12 Running Shoes For Men
22,NIKE,"₹3,066",Revolution 5 Running Shoes For Women
23,NIKE,"₹4,995",Court Vision Low Next Nature Sneakers For Women
24,NIKE,"₹4,721",Run Swift 3 Running Shoes For Men
25,NIKE,"₹4,121",MC Trainer Training & Gym Shoes For Men
26,NIKE,"₹2,771",NK Revolution 5 Men's Road Running Shoes Running Shoes ...
27,NIKE,"₹4,721",Quest 5 Running Shoes For Men
28,NIKE,"₹5,888",RENEW ELEVATE III Basketball Shoes For Men
29,NIKE,"₹4,271",NK WAFFLE DEBUT Sneakers For Men
30,NIKE,"₹4,406",Renew Ride 3 Running Shoes For Women
31,NIKE,"₹4,145",Defy All Day Training & Gym Shoes For Men
32,NIKE,"₹8,696",REACT PEGASUS TRAIL 4 Running Shoes For Men
33,NIKE,"₹7,996",Pegasus 38 Running Shoes For Men
34,NIKE,"₹2,789",Flex Experience Run 11 Next Nature WoRoad s Running Sho...
35,NIKE,"₹6,371",NK FREE RN 2018 Running Shoes For Men
36,NIKE,"₹3,695",Revolution 7 Walking Shoes For Men
37,NIKE,"₹3,995",Downshifter 12 Running Shoes For Men
38,NIKE,"₹7,095",Giannis Immortality 2 EP Basketball Shoes For Men
39,NIKE,"₹4,496",Quest 4 Running Shoes For Men
40,U.S. POLO ASSN.,"₹2,289",OXLEY 2.0 Walking Shoes For Men
41,New Balance,"₹4,713",480 Running Shoes For Men
42,NIKE,"₹5,224",Renew Ride 3 Running Shoes For Men
43,NIKE,"₹11,246",Zoom Lebron Nxxt Gen Ep Basketball Shoes For Men
44,NIKE,"₹5,996",ZOOM VAPOR 15 ACADEMY IC Football Shoes For Men
45,NIKE,"₹6,521",AIR MAX EXCEE Sneakers For Men
46,New Balance,"₹6,899",327 Sneakers For Women
47,New Balance,"₹3,196",4020 Cricket Shoes For Men
48,NIKE,"₹7,996",Pegasus 38 Running Shoes For Men
49,NIKE,"₹3,066",Revolution 6 Running Shoes For Women
50,Xtep,"₹3,112",Sneakers For Men
51,U.S. POLO ASSN.,"₹1,279",CLARKIN Sneakers For Men
52,NIKE,"₹5,495",Phantom GX Club Football Shoes For Men
53,NIKE,"₹3,695",W REVOLUTION 7 Running Shoes For Women
54,NIKE,"₹4,871",Air Max Advantage 3 Running Shoe For Men
55,NIKE,"₹7,216",LeBron Witness 8 EP Basketball Shoes For Men
56,NIKE,"₹5,995",Quest 4 Running Shoes For Men
57,NIKE,"₹5,621",RENEW RUN 4 Running Shoes For Men
58,NIKE,"₹3,995",Court Royale 2 Next Nature Sneakers For Men
59,NIKE,"₹6,371",Air Max Impact 4 Sneakers For Men
60,NIKE,"₹5,321",Waffle Debut Running Shoes For Men
61,NIKE,"₹3,746",Flex Experience Run 11 Running Shoes For Men
62,NIKE,"₹6,521",E-Series 1.0 Running Shoes For Men
63,NIKE,"₹3,315",Downshifter 11 Running Shoes For Women
64,NIKE,"₹10,796",AIR ZOOM VOMERO 16 Running Shoes For Men
65,NIKE,"₹6,795",Air Max SC Leather Sneakers For Men
66,NIKE,"₹4,995",Mercurial Vapor 15 Club Football Shoes For Men
67,NIKE,"₹2,996",Downshifter 12 Running Shoes For Men
68,NIKE,"₹5,224",Quest 5 Training & Gym Shoes For Men
69,NIKE,"₹5,321",Court Vapor Lite 2 Tennis Shoes For Men
70,NIKE,"₹6,671",SuperRep Go 3 Next Nature Flyknit Training & Gym Shoes ...
71,NIKE,"₹11,246",ZOOM LEBRON NXXT GEN EP Basketball Shoes For Men
72,NIKE,"₹4,721",Quest 5 Running Shoes For Men
73,NIKE,"₹4,271",MC Trainer 2 Running Shoes For Men
74,NIKE,"₹4,295",Downshifter 13 Training & Gym Shoes For Men
75,NIKE,"₹8,695",AIR WINFLO 10 Running Shoes For Men
76,NIKE,"₹11,246",ZOOM LEBRON NXXT GEN EP Basketball Shoes For Men
77,NIKE,"₹3,695",W REVOLUTION 7 Running Shoes For Women
78,NIKE,"₹4,145",Defy All Day (Extra Wide) Running Shoes For Men
79,NIKE,"₹3,695",REVOLUTION 7 Running Shoes For Men
80,U.S. POLO ASSN.,"₹2,289",OXLEY 2.0 Walking Shoes For Men
81,New Balance,"₹4,713",480 Running Shoes For Men
82,NIKE,"₹4,295",Downshifter 13 Running Shoes For Men
83,NIKE,"₹5,621",M Air Max Alpha Trainer 5 Training & Gym Shoes For Men
84,NIKE,"₹3,315",Downshifter 11 Walking Shoes For Women
85,NIKE,"₹2,771",Revolution 7 Running Shoes For Men
86,New Balance,"₹6,899",327 Sneakers For Women
87,New Balance,"₹3,196",4020 Cricket Shoes For Men
88,NIKE,"₹7,996",Pegasus 38 Running Shoes For Women
89,NIKE,"₹4,406",Renew Ride 3 Running Shoes For Men
90,New Balance,"₹2,940",4020 Cricket Shoes For Men
91,Xtep,"₹3,112",Sneakers For Men
92,NIKE,"₹11,495",Pegasus Trail 3 Running Shoes For Men
93,NIKE,"₹4,271",NK COURT LEGACY NN Tennis Shoes For Men
94,NIKE,"₹6,221",LeBron Witness 5 EP Basketball Shoe Basketball Shoes Fo...
95,NIKE,"₹4,121",MC Trainer Training & Gym Shoes For Men
96,NIKE,"₹7,196",Air Max Axis Sneakers For Women
97,NIKE,"₹3,746",Tanjun Running Shoes For Men
98,NIKE,"₹3,995",Downshifter 12 Running Shoes For Men
99,NIKE,"₹3,315",Downshifter 11 Running Shoes For Men
100,NIKE,"₹3,995",Court Royale 2 Next Nature Sneakers For Men
101,NIKE,"₹3,695",Revolution 6 Running Shoes For Women
102,NIKE,"₹7,996",Pegasus 38 Running Shoes For Men
103,NIKE,"₹4,496",Nike Court Vision Mid Next Nature Men's Basketball Shoe...
104,NIKE,"₹6,146",Kyrie Flytrap 5 EP Basketball Shoes Basketball Shoes Fo...
105,NIKE,"₹3,995",Downshifter 12 Running Shoes For Women
106,NIKE,"₹3,066",Revolution 5 Running Shoes For Men
107,NIKE,"₹4,721",In-Season TR 13 Training & Gym Shoes For Men
108,NIKE,"₹8,995",Air Max Command Sneakers For Men
109,NIKE,"₹4,271",Precision 6 Basketball Shoes For Men
110,NIKE,"₹3,146",Court Royale AC Canvas Sneakers For Women
111,NIKE,"₹4,145",Mercurial Vapor 15 Club Football Shoes For Men
112,NIKE,"₹7,871",AIR ZOOM PEGASUS 39 Running Shoes For Men
113,NIKE,"₹11,895",Air Flight Lite Mid For Men
114,NIKE,"₹3,695",Revolution 7 Running Shoes For Men
115,NIKE,"₹3,746",Flex Experience Run 11 SE Sneakers For Men
116,NIKE,"₹5,224",Run Swift 3 Walking Shoes For Men
117,NIKE,"₹4,271",Court Air Zoom Lite 3 Tennis Shoes For Men
118,NIKE,"₹3,746",Flex Experience Run 10 Running Shoes For Men
119,NIKE,"₹5,695",Court Vision Low Sneakers For Men
120,New Balance,"₹4,713",480 Running Shoes For Men
121,New Balance,"₹6,899",327 Sneakers For Women
122,NIKE,"₹6,396",Zoom Mercurial Vapor 15 Academy NU Football Shoes For M...
123,NIKE,"₹3,315",Downshifter 11 Running Shoes For Women
124,NIKE,"₹6,371",Winflo 9 Running Shoes For Men
125,NIKE,"₹4,995",Mercurial Vapor 15 Club Football Shoes For Men
126,New Balance,"₹3,196",4020 Cricket Shoes For Men
127,Xtep,"₹3,112",Sneakers For Men
128,NIKE,"₹3,846",MD Runner 2 Sneakers For Men
129,NIKE,"₹4,995",Defy All Day Training & Gym Shoes For Men
130,New Balance,"₹2,940",4020 Cricket Shoes For Men
131,U.S. POLO ASSN.,"₹2,289",OXLEY 2.0 Walking Shoes For Men
132,NIKE,"₹3,695",Revolution 7 Running Shoes For Men
133,NIKE,"₹4,295",Downshifter 13 Running Shoes For Men
134,NIKE,"₹4,406",Renew Retaliation 4 Training & Gym Shoes For Men
135,NIKE,"₹7,996",Pegasus 38 Running Shoes For Women
136,U.S. POLO ASSN.,"₹1,279",CLARKIN Sneakers For Men
137,New Balance,"₹8,400",2002 Sneakers For Men
138,NIKE,"₹2,771",Revolution 7 Running Shoes For Men
139,NIKE,"₹11,246",ZOOM LEBRON NXXT GEN EP Basketball Shoes For Men
140,New Balance,"₹5,880",CK 10 Cricket Shoes For Men
141,New Balance,"₹4,199",EVOZ Running Shoes For Women
142,NIKE,"₹4,721",In-Season TR 13 Training & Gym Shoes For Men
143,NIKE,"₹4,496",Nike Court Vision Mid Next Nature Men's Shoes Sneakers ...
144,NIKE,"₹3,315",Downshifter 11 Running Shoes For Men
145,NIKE,"₹11,495",Pegasus Trail 3 Running Shoes For Men
146,New Balance,"₹8,400",1080 Running Shoes For Men
147,Xtep,"₹3,849",Street High Top High Tops For Men
148,NIKE,"₹3,496",Legend Essential 3 Next Nature Training & Gym Shoes For...
149,NIKE,"₹11,196",Air Max 2017 Sneakers For Women
150,New Balance,"₹8,400",1080 Running Shoes For Men
151,Xtep,"₹2,474",Power Run Running Shoes For Men
152,NIKE,"₹6,221",LeBron Witness 5 EP Basketball Shoe Basketball Shoes Fo...
153,NIKE,"₹2,771",REVOLUTION 7 EASYON Running Shoes For Men
154,NIKE,"₹7,996",Pegasus 38 Running Shoes For Men
155,NIKE,"₹3,146",Court Royale AC Canvas Sneakers For Women
156,New Balance,"₹9,780",1080 Running Shoes For Men
157,New Balance,"₹4,620",CK 10 Cricket Shoes For Men
158,NIKE,"₹7,871",AIR ZOOM PEGASUS 39 Running Shoes For Men
159,NIKE,"₹3,746",Tanjun Running Shoes For Men
160,New Balance,"₹4,713",480 Running Shoes For Men
161,New Balance,"₹6,899",327 Sneakers For Women
162,NIKE,"₹11,246",ZOOM LEBRON NXXT GEN EP Basketball Shoes For Men
163,NIKE,"₹3,695",Revolution 7 Running Shoes For Men
164,NIKE,"₹3,496",Flex Experience Run 10 Running Shoes For Men
165,NIKE,"₹3,995",Downshifter 12 Running Shoes For Men
166,New Balance,"₹3,196",4020 Cricket Shoes For Men
167,Xtep,"₹3,112",Sneakers For Men
168,NIKE,"₹5,396",Sneakers For Men
169,NIKE,"₹4,966",Court Vapor Lite 2 Tennis Shoes For Men
170,New Balance,"₹2,940",4020 Cricket Shoes For Men
171,U.S. POLO ASSN.,"₹2,289",OXLEY 2.0 Walking Shoes For Men
172,NIKE,"₹5,695",MC Trainer 2 Training & Gym Shoes For Men
173,NIKE,"₹7,995",Air Max Sneakers For Men
174,NIKE,"₹10,496",Air Max 270 Sneakers For Men
175,NIKE,"₹4,995",Flex Experience Run 11 Running Shoes For Men
176,U.S. POLO ASSN.,"₹1,279",CLARKIN Sneakers For Men
177,New Balance,"₹8,400",2002 Sneakers For Men
178,NIKE,"₹10,121",Air Zoom Vomero 16 Running Shoes For Men
179,NIKE,"₹4,995",Court Vision Low Next Nature Sneakers For Men
180,New Balance,"₹5,880",CK 10 Cricket Shoes For Men
181,New Balance,"₹4,199",EVOZ Running Shoes For Women
182,NIKE,"₹8,995",Air Max Command Sneakers For Men
183,NIKE,"₹3,995",Downshifter 12 Running Shoes For Men
184,NIKE,"₹11,246",Zoom Lebron Nxxt Gen Ep Basketball Shoes For Men
185,NIKE,"₹3,066",Revolution 5 Running Shoes For Women
186,New Balance,"₹8,400",1080 Running Shoes For Men
187,Xtep,"₹3,849",Street High Top High Tops For Men
188,NIKE,"₹6,446",Blazer Low '77 Premium Sneakers For Men
189,NIKE,"₹4,995",Legend Essential 3 Next Nature Running Shoes For Men
190,New Balance,"₹8,400",1080 Running Shoes For Men
191,Xtep,"₹2,474",Power Run Running Shoes For Men
192,NIKE,"₹3,066",W REVOLUTION 7 Running Shoes For Women
193,NIKE,"₹3,695",Revolution 6 Running Shoes For Men
194,NIKE,"₹8,996",ZOOM FREAK 4 Basketball Shoes For Men
195,NIKE,"₹4,271",Court Legacy Sneakers For Men
196,New Balance,"₹9,780",1080 Running Shoes For Men
197,New Balance,"₹4,620",CK 10 Cricket Shoes For Men
198,NIKE,"₹7,356",Air Span II SE Sneakers For Men
199,NIKE,"₹3,995",Downshifter 12 Running Shoes For Men
200,U.S. POLO ASSN.,"₹2,289",OXLEY 2.0 Walking Shoes For Men
201,New Balance,"₹4,713",480 Running Shoes For Men
202,NIKE,"₹5,995",Court Vision Mid Next Nature Sneakers For Men
203,NIKE,"₹4,795",Ebernon Low Sneakers For Men
204,NIKE,"₹7,095",Cross Trainer Low Sneakers For Men
205,NIKE,"₹7,871",React Miler 3 Running Shoes For Men
206,New Balance,"₹6,899",327 Sneakers For Women
207,New Balance,"₹3,196",4020 Cricket Shoes For Men
208,NIKE,"₹12,796",Air Max 2017 Sneakers For Men
209,NIKE,"₹13,196",NIKE AIR ZOOM TEMPO NEXT% FK Running Shoes For Men
210,New Balance,"₹2,940",4020 Cricket Shoes For Men
211,Xtep,"₹3,112",Sneakers For Men
212,NIKE,"₹3,746",LEGEND ESSENTIAL 3 NN Training & Gym Shoes For Men
213,NIKE,"₹8,921",Air Zoom Pegasus 40 Se Running Shoes For Men
214,NIKE,"₹7,095",Juniper Trail 2 Running Shoes For Men
215,NIKE,"₹4,795",Ebernon Low Basketball Shoes For Men
216,U.S. POLO ASSN.,"₹1,279",CLARKIN Sneakers For Men
217,New Balance,"₹4,199",EVOZ Running Shoes For Women
218,NIKE,"₹3,066",Revolution 5 Running Shoes For Men
219,NIKE,"₹4,406",In-Season TR 13 Training & Gym Shoes For Men
220,New Balance,"₹8,400",2002 Sneakers For Men
221,New Balance,"₹5,880",CK 10 Cricket Shoes For Men
222,NIKE,"₹8,795",Air Max Axis Running Shoe For Men
223,NIKE,"₹11,895",Metcon 8 Training & Gym Shoes For Men
224,NIKE,"₹4,121",VENTURE RUNNER Sneakers For Men
225,NIKE,"₹7,271",Winflo 9 Premium Running Shoes For Men
226,New Balance,"₹9,780",1080 Running Shoes For Men
227,Xtep,"₹3,849",Street High Top High Tops For Men
228,NIKE,"₹8,621",ZOOM FREAK 5 EP Basketball Shoes For Men
229,NIKE,"₹6,495",SB Alleyoop Skateboard Shoes For Men
230,New Balance,"₹8,400",1080 Running Shoes For Men
231,Xtep,"₹2,799",Lightweight Run Running Shoes For Men
232,NIKE,"₹10,496",KD16 EP Basketball Shoes For Men
233,NIKE,"₹11,246",NIKE ZOOMX STREAKFLY Running Shoes For Men
234,NIKE,"₹4,995",Mercurial Vapor 14 Club FG/MG Football Shoes For Men
235,NIKE,"₹6,521",Air Winflo 10 Running Shoes For Men
236,New Balance,"₹4,620",CK 10 Cricket Shoes For Men
237,New Balance,"₹8,400",1080 Running Shoes For Men
238,NIKE,"₹8,195",Air Max Bolt Sneakers For Men
239,NIKE,"₹4,995",Flex Experience Run 12 Training & Gym Shoes For Men
240,New Balance,"₹4,713",480 Running Shoes For Men
241,New Balance,"₹6,899",327 Sneakers For Women
242,NIKE,"₹6,796",Winflo 9 Running Shoes For Men
243,NIKE,"₹2,769",W NIKE REVOLUTION 6 NN Running Shoes For Women
244,NIKE,"₹3,695",Revolution 6 Running Shoes For Men
245,NIKE,"₹3,995",Court Royale 2 Next Nature Sneakers For Men
246,New Balance,"₹3,196",4020 Cricket Shoes For Men
247,Xtep,"₹3,112",Sneakers For Men
248,NIKE,"₹11,895",Metcon 8 Training & Gym Shoes For Men
249,NIKE,"₹7,095",Juniper Trail 2 Running Shoes For Men
250,New Balance,"₹2,940",4020 Cricket Shoes For Men
251,U.S. POLO ASSN.,"₹2,289",OXLEY 2.0 Walking Shoes For Men
252,NIKE,"₹5,995",Air Max SC Sneakers For Men
253,NIKE,"₹5,695",Wearallday Sneakers For Men
254,NIKE,"₹5,321",NK JUNIPER TRAIL 2 NN Running Shoes For Men
255,NIKE,"₹7,356",Sneakers For Men
256,U.S. POLO ASSN.,"₹1,279",CLARKIN Sneakers For Men
257,New Balance,"₹8,400",2002 Sneakers For Men
258,NIKE,"₹7,195",Air Max Alpha Trainer 4 Sneakers For Men
259,NIKE,"₹6,371",Air Max Impact 4 Sneakers For Men
260,New Balance,"₹5,880",CK 10 Cricket Shoes For Men
261,New Balance,"₹4,199",EVOZ Running Shoes For Women
262,NIKE,"₹4,271",MC Trainer 2 Training & Gym Shoes For Men
263,NIKE,"₹3,496",City Rep TR Training & Gym Shoes For Men
264,NIKE,"₹7,095",COURT VISION LO NN Sneakers For Men
265,NIKE,"₹7,995",Killshot 2 Leather Sneakers For Men
266,New Balance,"₹8,400",1080 Running Shoes For Men
267,Xtep,"₹3,849",Street High Top High Tops For Men
268,NIKE,"₹5,246",Renew Run 3 Road Running Shoes For Men
269,NIKE,"₹3,746",Flex Experience Run 11 Running Shoes For Men
270,New Balance,"₹8,400",1080 Running Shoes For Men
271,Xtep,"₹2,474",Power Run Running Shoes For Men
272,NIKE,"₹4,396",Phantom GX Club TF Turf Football Shoes For Men
273,NIKE,"₹6,221",FREE RN 5.0 NEXT NATURE Running Shoes For Men
274,NIKE,"₹6,521",Air Winflo 10 Running Shoes For Men
275,NIKE,"₹5,621",Renew Run 4 Running Shoes For Men
276,New Balance,"₹9,780",1080 Running Shoes For Men
277,New Balance,"₹4,620",CK 10 Cricket Shoes For Men
278,NIKE,"₹9,196",Pegasus 38 Shield Weatherised Running Shoes For Men
279,NIKE,"₹6,796",Zoom Bella 6 Training & Gym Shoes For Women
280,New Balance,"₹4,713",480 Running Shoes For Men
281,New Balance,"₹6,899",327 Sneakers For Women
282,NIKE,"₹5,995",Court Vision Mid Next Nature Sneakers For Men
283,NIKE,"₹5,995",Court Vision Mid Next Nature Sneakers For Men
284,NIKE,"₹4,995",Mercurial Vapor 14 Club TF Football Shoes For Men
285,NIKE,"₹10,496",Air Max 270 Sneakers For Men
286,New Balance,"₹3,196",4020 Cricket Shoes For Men
287,Xtep,"₹3,112",Sneakers For Men
288,NIKE,"₹7,095",Court Vision Low Next Nature Sneakers For Men
289,NIKE,"₹7,996",Pegasus 38 Running Shoes For Women
290,New Balance,"₹2,940",4020 Cricket Shoes For Men
291,U.S. POLO ASSN.,"₹2,289",OXLEY 2.0 Walking Shoes For Men
292,NIKE,"₹10,495",NK Air Zoom Pegasus 39 Men's Road Running Shoes Running...
293,NIKE,"₹8,995",Air Max Command Sneakers For Men
294,NIKE,"₹9,516",Pegasus 40 Running Shoes For Women
295,NIKE,"₹7,216",Air Max Excee Sneakers For Men
296,U.S. POLO ASSN.,"₹1,279",CLARKIN Sneakers For Men
297,New Balance,"₹8,400",2002 Sneakers For Men
298,NIKE,"₹7,095",Elevate 3 Basketball Shoes For Men
299,NIKE,"₹8,544",Juniper Trail 2 GORE-TEX Waterproof Running Shoes For M...
300,New Balance,"₹5,880",CK 10 Cricket Shoes For Men
301,New Balance,"₹4,199",EVOZ Running Shoes For Women
302,NIKE,"₹7,756",Zoom Winflo 8 Shield Weatherised Running Shoes For Wome...
303,NIKE,"₹8,495",Journey Run Running Shoes For Men
304,NIKE,"₹4,095",Court Royale For Men
305,NIKE,"₹10,121",Running Shoes For Men
306,New Balance,"₹8,400",1080 Running Shoes For Men
307,Xtep,"₹3,849",Street High Top High Tops For Men
308,NIKE,"₹5,995",Ebernon Mid Mid Sneakers For Men
309,NIKE,"₹4,121",Varsity Compete Trainer Walking Shoes For Men
310,New Balance,"₹8,400",1080 Running Shoes For Men
311,Xtep,"₹2,474",Power Run Running Shoes For Men
312,NIKE,"₹2,996",Downshifter 12 Running Shoes For Men
313,NIKE,"₹4,495",Legend Essential 2 Training & Gym Shoes For Men
314,NIKE,"₹7,095",Renew Elevate 3 Basketball Shoes For Men
315,NIKE,"₹4,271",Tanjun EasyOn Sneakers For Men
316,New Balance,"₹9,780",1080 Running Shoes For Men
317,New Balance,"₹4,620",CK 10 Cricket Shoes For Men
318,NIKE,"₹7,899",React Miler 2 WoRoad s Running Shoes For Women
319,NIKE,"₹7,995",Air Max Correlate Sneakers For Women
320,New Balance,"₹4,713",480 Running Shoes For Men
321,New Balance,"₹6,899",327 Sneakers For Women
322,NIKE,"₹9,516",Pegasus 40 Running Shoes For Women
323,NIKE,"₹5,806",Free Run 5.0 Running Shoes For Women
324,NIKE,"₹5,995",Ebernon Mid Sneakers For Men
325,NIKE,"₹15,995",Air Max 2017 Sneakers For Men
326,New Balance,"₹3,196",4020 Cricket Shoes For Men
327,Xtep,"₹3,112",Sneakers For Men
328,NIKE,"₹4,721",Quest 5 SE Running Shoes For Men
329,NIKE,"₹6,371",Air Winflo 9 Running Shoes For Men
330,New Balance,"₹2,940",4020 Cricket Shoes For Men
331,U.S. POLO ASSN.,"₹2,289",OXLEY 2.0 Walking Shoes For Men
332,NIKE,"₹8,921",Air Zoom Pegasus 40 Running Shoes For Men
333,NIKE,"₹13,995",React Infinity 3 Running Shoes For Men
334,NIKE,"₹4,995",Legend Essential 3 Next Nature Training & Gym Shoes For...
335,NIKE,"₹7,195",Air Max Alpha Trainer 4 Sneakers For Men
336,U.S. POLO ASSN.,"₹1,279",CLARKIN Sneakers For Men
337,New Balance,"₹8,400",2002 Sneakers For Men
338,NIKE,"₹4,796",Renew In-Season TR 11 Training & Gym Shoes For Women
339,NIKE,"₹5,596",Football Shoes For Men
340,New Balance,"₹5,880",CK 10 Cricket Shoes For Men
341,New Balance,"₹4,199",EVOZ Running Shoes For Women
342,NIKE,"₹4,495",Court Royale AC Sneakers For Women
343,NIKE,"₹3,695",Revolution 6 Running Shoes For Men
344,NIKE,"₹4,495",Legend Essential 2 Running Shoes For Men
345,NIKE,"₹5,224",Roshe One Running Shoes For Men
346,New Balance,"₹8,400",1080 Running Shoes For Men
347,Xtep,"₹3,849",Street High Top High Tops For Men
348,NIKE,"₹8,195",Air Max Bolt Sneakers For Men
349,NIKE,"₹3,746",Wearallday Casuals For Men
350,New Balance,"₹8,400",1080 Running Shoes For Men
351,Xtep,"₹2,474",Power Run Running Shoes For Men
352,NIKE,"₹7,196",Air Max Command Sneakers For Men
353,NIKE,"₹3,995",Court Royale 2 Sneakers For Women
354,NIKE,"₹2,229",Sneakers For Women
355,NIKE,"₹12,796",Air Max 2017 Sneakers For Men
356,New Balance,"₹9,780",1080 Running Shoes For Men
357,New Balance,"₹4,620",CK 10 Cricket Shoes For Men
358,NIKE,"₹10,236",Air Max Pre-Day Sneakers For Men
359,NIKE,"₹2,771",Revolution 6 FlyEase Next Nature Easy-On-And-Off Road R...
